<?xml version="1.0" encoding="UTF-8"?>
<!DOCTYPE hibernate-configuration PUBLIC
        "-//Hibernate/Hibernate Configuration DTD 3.0//EN"
        "http://hibernate.sourceforge.net/hibernate-configuration-3.0.dtd">
<hibernate-configuration>
    <session-factory>
    	<!--  <property name="javax.persistence.jdbc.driver" value="oracle.jdbc.OracleDriver"/>
		    <property name="javax.persistence.jdbc.url" value="jdbc:oracle:thin:@localhost:1521:ALUNO" /> 
		    <property name="hibernate.dialect" value="org.hibernate.dialect.Oracle10gDialect" />   
		    <property name="hibernate.default_schema">ALUNO</property>	 
     	-->
        <property name="hibernate.connection.driver_class">com.mysql.jdbc.Driver</property>
        <property name="hibernate.connection.password">root</property>
        <property name="hibernate.connection.url">jdbc:mysql://localhost:3306/Aula?serverTimezone=UTC</property>
        <property name="hibernate.connection.username">root</property>
        <property name="hibernate.dialect">org.hibernate.dialect.MySQLDialect</property>
        <property name="hibernate.show_sql">true</property>
        <property name="hibernate.format_sql">false</property>
        <property name="hbm2ddl.auto">update</property>         
        <mapping class="aula4.Aluno"/>       
        <mapping class="aula4.Curso"/>      
        <mapping class="aula4.Disciplina"/>   
        <mapping class="aula4.Endereco"/> 
        <mapping class="aula4.Professor"/> 
        <mapping class="aula4.Turma"/> 
    </session-factory>
    
</hibernate-configuration>